{
  "dataset_info": {
    "path": "simondubail/edgecodedpo",
    "size": 1336,
    "tokenizer": "Qwen/Qwen2-0.5B-Instruct"
  },
  "prompt": {
    "mean": 22.967814371257486,
    "median": 23.0,
    "min": 14.0,
    "max": 42.0,
    "std": 4.336484960178387,
    "q25": 20.0,
    "q75": 25.0,
    "q90": 29.0,
    "q95": 31.0,
    "q99": 35.0
  },
  "chosen": {
    "mean": 272.21182634730536,
    "median": 257.0,
    "min": 74.0,
    "max": 759.0,
    "std": 86.92143646778129,
    "q25": 214.0,
    "q75": 318.25,
    "q90": 381.0,
    "q95": 430.5,
    "q99": 536.0
  },
  "rejected": {
    "mean": 118.16467065868264,
    "median": 109.0,
    "min": 18.0,
    "max": 482.0,
    "std": 53.42208336782271,
    "q25": 83.0,
    "q75": 139.0,
    "q90": 187.0,
    "q95": 218.25,
    "q99": 290.150000000001
  }
}